CustomerID,Actual_Churn,Predicted_Churn,Churn_Probability
1136,0,0,0.24040708836468944
3564,1,0,0.4191186981253593
3407,0,0,0.31690260108848417
3162,1,0,0.4887306436324787
3676,1,1,0.6534748320614543
1945,1,1,0.9593102053005433
2814,1,1,0.5767729700001832
1386,1,0,0.30381551800850876
2375,0,0,0.21347271465076534
2153,0,0,0.2648585864488167
1668,0,0,0.07625738635766566
3550,0,1,0.5492655909297409
2433,0,0,0.23933778077945883
303,0,0,0.4506984766959669
1852,0,0,0.45649758828671966
1214,0,0,0.37777744273562625
1324,1,1,0.5696962574733012
4167,0,1,0.5246436233970181
2174,1,0,0.25423956097116585
2694,1,0,0.4622912810354808
2577,1,0,0.47882215402133566
4778,1,1,0.885850756238035
1004,0,0,0.2439474683679445
1957,0,0,0.17614809670709278
4144,0,0,0.31079317250414007
1577,1,0,0.34720107006784323
1719,0,1,0.6128179824181562
3806,0,1,0.7773844069075434
1463,0,1,0.6220013602999461
871,1,0,0.2993814413457986
4536,1,1,0.7371518304825556
2871,0,0,0.20492359786836875
2371,0,1,0.8735992757478597
3555,1,1,0.7174991707910587
4280,0,0,0.26952196572163245
1353,0,0,0.28476620630644867
3387,0,0,0.4298208712629329
527,1,1,0.6242605248256144
2718,1,1,0.7465597598015187
2584,1,0,0.2582683085594817
980,0,1,0.7093519304926295
4570,0,1,0.699816025036122
4616,0,1,0.6572087120479967
4813,0,0,0.18889174231099246
292,1,0,0.3065640110062004
2041,0,0,0.46972881852738824
2442,0,1,0.5460371422359946
2750,1,1,0.5341772950937906
36,0,1,0.7515087107384089
358,1,1,0.5830027311446956
3277,0,0,0.4184776883127584
1093,0,0,0.3455974713181872
4157,1,0,0.42916972291306643
4351,1,0,0.16806363657894294
309,1,0,0.24763860392512915
1594,1,1,0.6548554284146456
435,1,1,0.7030060421191989
4239,0,0,0.40548028018331683
2627,1,0,0.3637446737013786
1419,1,1,0.6664246651795478
230,0,0,0.32751080689973056
388,1,1,0.5344802895198141
4379,1,0,0.3248860564057267
1375,1,1,0.7724631813232926
4728,0,0,0.3518970738073098
172,1,1,0.6745185983413025
4740,0,0,0.22613635070064989
4712,0,0,0.353396261082788
1903,1,1,0.8442121154541365
4538,1,1,0.8294136568917174
4080,0,0,0.327585259487861
1351,0,0,0.3689751712101962
397,1,1,0.6670889728629352
2835,1,1,0.8351894127059336
310,0,1,0.8677085851034618
219,0,0,0.3208460214727056
2527,1,1,0.5597181337100695
4737,0,1,0.5893278618741472
2455,1,0,0.4542381628379234
1278,1,0,0.31825380570419926
4107,0,0,0.2856390829138797
1322,0,0,0.19095413410967257
470,0,1,0.5470077877247652
2662,1,1,0.5068738103994811
4771,0,0,0.1291523669674291
3212,0,0,0.46380906629385243
4644,0,0,0.41576417042441904
4358,1,1,0.7705396842369908
4652,0,0,0.2714887446009071
1886,0,0,0.3197062915258225
1259,0,1,0.5087993179487605
2937,1,0,0.4150970106483895
1992,1,1,0.7362786346987223
4604,1,0,0.33224670699012054
4316,0,1,0.692397271712957
4697,0,0,0.37532417056198
500,1,1,0.7072992470620131
76,1,1,0.6022961256465815
4943,1,0,0.20544816164416665
1841,0,1,0.7595171484120652
4085,1,1,0.7154455922821717
663,0,0,0.4887379429995175
4796,0,0,0.33819328910789975
3386,0,1,0.7030462512999832
3526,0,1,0.5859860187062912
3784,1,1,0.6371594400123627
1858,0,0,0.16976405970530326
2637,1,1,0.8304426387918569
3859,0,1,0.8532009046863996
4402,1,0,0.29900514107397613
2515,1,0,0.2909223941973752
3117,1,0,0.3236111492256032
3317,0,1,0.5047338481588417
4822,0,0,0.24891242858267437
4440,0,1,0.7244906974786636
3005,0,0,0.4043990702289899
1899,0,0,0.43714843195560227
3875,0,0,0.16917903824035205
2837,1,1,0.5854641448018166
3768,0,0,0.4072989674336686
3171,1,1,0.779036445739555
1337,1,0,0.2221472804538936
1273,0,0,0.2422466034777087
814,1,1,0.9391864271445086
2006,1,0,0.3455526089077686
1368,1,1,0.7905623282648377
4488,1,0,0.3485203937509374
4515,0,1,0.6131763509219537
1820,0,0,0.2955698081666508
1327,1,1,0.7341153589347524
1889,0,1,0.7392096000458976
3305,1,1,0.8168981600363752
919,0,0,0.3755161879380288
1859,0,0,0.12556453901064193
330,0,0,0.1473477370442251
43,1,0,0.39897592218849337
4747,1,1,0.7024979065705839
4841,0,1,0.6817317125752111
3929,0,1,0.5428064487372671
3372,0,0,0.3079386058451264
2392,0,1,0.7036538167696728
775,1,1,0.543085829120464
671,0,0,0.25878721008058453
246,0,0,0.2511872339294445
1740,1,1,0.8268389277335533
164,1,0,0.2961715715418661
2971,0,0,0.28065391808300144
2028,1,1,0.7654116359284443
3384,0,0,0.2720749125507968
954,1,1,0.8500755529100726
4701,0,1,0.7921646695830431
2691,0,0,0.4187999033742388
4464,0,0,0.39992506771319364
4835,1,0,0.29810075925356866
2220,1,1,0.6232231753664912
779,0,0,0.1512515569144409
1544,0,0,0.25085697823647607
376,0,0,0.17411985555566536
1307,0,0,0.45605557872945585
3032,0,0,0.2893414291314899
3194,1,1,0.7053159168468107
2216,1,1,0.5218361623240015
3068,0,1,0.570163057900453
518,0,0,0.1676219536641874
1520,0,1,0.5885638119791693
208,0,1,0.5652402026549893
1135,0,0,0.15186214216587648
3973,0,0,0.4060472252425703
4751,1,1,0.7223451521347369
2815,0,0,0.24828643802212236
1123,1,1,0.9675535738113519
4372,0,0,0.2509833750462872
3245,1,0,0.4692300565268064
3815,0,0,0.13213007286320988
1866,1,1,0.9370428673525303
2024,1,1,0.5035810361417602
3541,0,1,0.5043731351815275
3951,1,1,0.8479276595348021
1939,1,1,0.6451462566247606
2493,1,0,0.3309290735517457
4062,1,0,0.45099275434788655
2149,1,1,0.7243873739963212
2758,1,1,0.5475862729231956
3968,0,0,0.32466663753712
4237,0,1,0.5801999221224564
2208,0,1,0.529088093526278
3576,1,1,0.5043209996599914
1431,1,1,0.5737088305798898
1326,1,0,0.32191713016625445
4468,0,0,0.4211270411708761
3207,0,1,0.6624004714782182
1489,0,0,0.23922386861875475
4495,1,1,0.571866257819177
573,0,0,0.46731678970629154
1049,1,1,0.5579077157711633
864,0,0,0.4882784207181349
1121,0,0,0.3601619439739977
4138,0,0,0.23557735411283742
4793,1,1,0.8225954732120049
4875,0,0,0.41155279330196876
3021,1,1,0.8846995808339463
2123,1,1,0.7418428211879056
2302,0,0,0.06123338011069706
2016,1,1,0.7398745385955178
2844,1,1,0.5210125028979826
2978,1,0,0.4575666446310998
3612,0,0,0.2720134820225515
3711,0,0,0.2411635649534876
3877,0,0,0.37816595442418727
2448,1,1,0.6329693917777158
3569,0,1,0.5223519682693306
4507,0,1,0.5308394424753269
1088,1,1,0.5072374545020822
4188,0,0,0.4195329658113001
2263,0,1,0.6230021516930068
332,0,0,0.48559395483498263
768,0,1,0.5257383651791523
3174,1,0,0.49427155994842664
3370,0,0,0.27462524225865514
1228,1,0,0.41278900781613426
3294,0,0,0.3956585767315548
3999,1,1,0.6928005216124181
4757,0,0,0.458881376488741
1111,0,1,0.5990418340313419
4014,0,0,0.18051303949546274
3579,0,0,0.4314374872273431
4317,1,1,0.5633668552437542
676,1,1,0.5101984187911115
942,1,0,0.49385707483194446
4302,0,1,0.8568568939490875
993,1,1,0.7449602317920826
2362,1,1,0.7441891732060115
4817,1,1,0.6239522438198553
1371,1,0,0.3818947183261634
1761,0,0,0.10287364276955892
4739,0,0,0.31484421614419883
3345,0,0,0.14867430555582142
1592,1,1,0.8126761004003281
4304,1,1,0.8695719540045406
3362,1,0,0.23450058124182296
2118,1,1,0.7371752965672708
4325,1,0,0.48711076625597666
3300,1,0,0.3198517687884917
3655,1,0,0.38899716707260273
2158,0,1,0.6049355785956791
4833,0,0,0.24401027695208502
4884,0,0,0.32929172689182384
2491,0,0,0.31156487266371596
3296,1,0,0.22691664599185293
1452,0,0,0.2946611815511379
3610,1,1,0.7352751808357832
2809,0,1,0.578539368518188
4454,0,0,0.48066237485570895
2706,0,0,0.22540525812251622
3008,0,0,0.2636226394369565
3168,0,1,0.6759666747146575
1997,0,1,0.6382234725580807
4850,0,1,0.7363056688294034
3224,0,1,0.6720531904346537
1496,0,1,0.6257101025428043
448,1,0,0.38121537108128317
3269,0,0,0.3404637755103315
2328,1,1,0.5026000632022848
1862,1,0,0.40449055787879257
2674,1,0,0.49715373945525176
3497,1,1,0.5880373257152727
2096,0,1,0.8166433244747159
915,0,1,0.6100318330564304
1309,1,0,0.3985146264881212
2962,1,1,0.8495132350726887
83,0,0,0.34783652498047396
3415,0,0,0.1410119538920949
4534,1,0,0.3406214737595144
4892,0,0,0.1486846938727253
958,0,0,0.20762926157602957
1210,1,1,0.5517485631721902
414,0,0,0.23538661420845966
978,1,1,0.795537793764581
2411,0,0,0.2775839613073043
4349,1,1,0.6896099596238066
3981,0,0,0.16463011517692533
784,0,0,0.48930500920616493
3776,0,0,0.2831805399677816
130,0,1,0.6398010308024316
4886,0,0,0.21975186456126003
977,1,1,0.6093975514210153
3976,1,0,0.3544614139494785
3302,0,0,0.2895871453050861
807,0,0,0.12251161765830475
4177,1,1,0.7546383939120076
2314,0,0,0.17805367587709842
3827,1,1,0.7159362534572702
1944,1,1,0.607886517574423
4915,1,0,0.1668377735174356
2116,1,1,0.6114445958199074
1449,1,1,0.596977937886159
2529,1,1,0.8880517402920803
543,0,1,0.5106149050864356
2295,1,0,0.3961358283241698
2872,0,1,0.8952806537007316
4574,1,1,0.8499946335326132
3923,0,0,0.2758019385442719
3669,0,0,0.3552046117791287
842,1,0,0.3588839715005981
224,1,0,0.24554295208641924
2387,1,1,0.6834805607527048
3763,1,1,0.7126665485775979
2717,0,0,0.3257981780051807
4100,0,0,0.16214758574496121
3018,0,0,0.2824538642380332
4975,0,1,0.5176701159301181
2628,0,0,0.3876951548727984
422,1,0,0.27845004952744085
4873,0,1,0.6005235056843661
2450,0,1,0.53257090313547
3765,1,1,0.7485187457122108
2332,1,1,0.8626508177633921
1798,1,0,0.21392239966449958
1180,0,0,0.4529963905615764
2472,0,1,0.5040387569822807
2571,0,0,0.49055509000408265
266,1,1,0.7850873832201019
3837,0,1,0.546193055164871
4461,1,0,0.44156654697173736
2026,1,0,0.46837875638854376
4527,1,1,0.9047625415562158
1843,1,1,0.7168292080763271
413,0,0,0.4015851655226665
2271,0,1,0.6950801727235811
2881,0,1,0.5869846169644103
4957,1,1,0.9045551754687927
1065,0,0,0.43350395403119923
378,1,1,0.8526518752081058
4329,1,0,0.4873784003447831
4801,1,1,0.7177487118796348
1277,0,0,0.18990897482856328
3232,0,0,0.20233584288978765
1714,1,1,0.7887287313095183
98,0,0,0.43883370644289005
3549,1,0,0.42672992118893843
4128,0,0,0.21038760171103113
249,0,0,0.4803578721114169
4381,1,0,0.26250634433393577
674,0,0,0.20831145771311277
2384,1,0,0.26817617374362845
1676,1,1,0.5419152733983038
4136,0,1,0.5900976649336225
2317,0,0,0.45907878001992747
4705,1,0,0.3993028607496996
4909,1,1,0.7612580749523976
2827,0,1,0.752296730936941
3679,1,0,0.1761315186695759
4685,1,1,0.6007772396816529
2060,0,0,0.15848492334090988
2297,1,0,0.173255751752893
4646,1,0,0.2976540081816733
4308,0,0,0.26787388697350156
4036,1,1,0.6887514461438188
1663,0,0,0.24797968608992305
3642,1,0,0.27323049653571857
2536,1,0,0.4866400789195412
3570,0,1,0.7499979061664834
1720,0,0,0.2861568720127252
3596,0,0,0.467131181224198
1900,1,0,0.3946574966745383
1591,1,1,0.6016989536265799
799,0,0,0.33836587394174567
2022,0,1,0.6340355795675284
1163,0,0,0.3702120750859593
264,0,0,0.4264691990589222
1864,0,0,0.20872920707038833
4786,1,0,0.2510296525480491
3446,1,1,0.5296645711774565
349,1,1,0.5335350765803512
2865,0,0,0.420722188630948
4972,0,1,0.5356234692782877
3828,1,1,0.7354521396168462
3597,1,1,0.5291275229439535
148,1,0,0.3840372983225352
4086,0,1,0.574786454448409
107,0,0,0.22818101295799256
2234,1,1,0.6476487548854079
2005,0,1,0.567827210914379
4420,1,0,0.16641496659289742
3218,1,0,0.4525711179991481
3491,1,1,0.708239404625338
3673,0,0,0.2857042932349844
2210,1,1,0.6684821166173969
3620,0,0,0.2292818507244829
3492,1,0,0.2801163109608857
1010,1,1,0.8694575011792518
3040,1,1,0.5677405195793979
2348,1,1,0.5241344031749093
1056,0,0,0.09584351330767552
3688,1,1,0.5413372780622379
4708,0,1,0.7150186962633955
113,1,1,0.7509810808827425
1284,0,0,0.3313017253532344
325,1,1,0.6672099794462173
2162,0,0,0.310585022901418
4982,0,0,0.36979001339511464
1227,0,1,0.6878254513547984
1071,1,1,0.7616120407137865
2670,0,1,0.6491188780076879
308,1,1,0.6048781432083157
1095,1,0,0.39708278998294083
3890,1,1,0.7038295423692955
2233,0,0,0.446137332745661
47,0,1,0.5887339631453613
3813,1,1,0.8259660827771755
1869,1,0,0.47570387033347594
2320,0,1,0.5258870045862993
3427,1,1,0.5086080809142911
2054,0,0,0.19687256250786928
410,0,0,0.3858408360649329
1972,0,0,0.08835011321132487
4561,1,1,0.6507827611423008
2925,1,1,0.7743954274222183
4552,0,1,0.5443324532422066
1805,1,0,0.18352853493948504
1265,1,0,0.26134741972708203
608,1,1,0.8570347329069822
2520,0,0,0.41134747462388666
3745,1,1,0.7012689689223627
1017,1,1,0.6113973812545116
891,0,0,0.3236932739699296
2078,1,1,0.6700106801865523
4375,0,0,0.40921359813691366
1317,1,0,0.407442503843699
4920,0,1,0.7600129264466078
1018,1,1,0.8729994362648622
2932,1,1,0.8575097160087438
2810,0,1,0.6897740594685112
2495,1,0,0.2794077165284739
3752,1,1,0.6392808874508087
2517,1,1,0.5914770955306722
3349,1,0,0.38379348093222465
4511,0,1,0.5321528226538434
3263,1,0,0.25116204580762325
1981,0,1,0.9294198635385802
368,1,1,0.6442847646581517
3685,1,1,0.7103801944887396
3166,0,0,0.34505939062243324
1389,1,1,0.5061631756042476
4767,0,0,0.400473802787823
3364,1,0,0.4373541639557894
3283,1,1,0.5100432435455439
42,0,1,0.6196128286542943
2070,1,1,0.605121349804282
184,0,1,0.6106036974340102
3350,1,1,0.70885297189918
2522,1,1,0.6623547090710801
964,0,0,0.15517159273112688
2866,1,1,0.6783573104551814
1243,1,1,0.5209818586547802
3817,0,0,0.27386894198343614
1376,1,1,0.7003559676120212
1532,0,1,0.6119271145170273
4868,0,0,0.3123869550233044
4985,0,1,0.6212017829617571
2267,0,0,0.3636144156216057
151,0,1,0.6387723167095964
4912,1,1,0.8092712145497086
1926,1,1,0.7566175756142718
1141,1,0,0.31032647987330697
1581,1,1,0.721605750912018
2142,1,1,0.7330009150578998
2083,0,0,0.26702053133531445
642,0,0,0.44268585102789143
3498,1,1,0.6631797375488129
2194,1,1,0.6309706440750092
2945,1,0,0.318824849019315
4809,0,0,0.4212033737962635
4447,1,1,0.595843156249581
3822,1,1,0.5614976687362868
940,1,1,0.7306285142863452
3641,1,1,0.8503719370519311
4020,1,1,0.6933385789624524
2071,1,1,0.8664352457722997
4357,0,1,0.5612716843416437
3039,1,1,0.9509221866049379
827,1,1,0.6410700450075657
2224,0,1,0.7810743439799238
1241,0,1,0.5481918289134303
3840,0,1,0.5601538047624549
2759,1,1,0.6167541988583475
4630,0,1,0.5067281457900531
3644,1,1,0.6602940592233617
3665,0,0,0.24182884614760466
713,0,1,0.5761077213831798
2084,0,1,0.7023327186042886
1340,1,1,0.5168347312127493
2565,0,0,0.457572657296637
736,1,1,0.6259173561109768
3895,1,1,0.6624776700936251
4541,0,0,0.27824559687665795
4183,0,0,0.4072580276202902
3076,0,0,0.4962011454969945
560,1,1,0.6121445459973905
1928,0,1,0.51009704137559
1076,0,0,0.4025215907536127
1555,0,0,0.35032384700809766
4969,1,1,0.7383409367223002
2259,0,0,0.10652741488583715
4904,0,1,0.5888071679596135
3137,1,1,0.6777822206040509
4677,1,0,0.3870809926326048
2287,0,0,0.43794428712941447
4962,1,0,0.3999155147542891
2230,0,1,0.5864453487603124
4265,1,1,0.5858544247127413
2198,1,1,0.5821657012973543
4127,0,1,0.7640858152080301
3560,1,1,0.6691495845177529
2115,1,1,0.6620275385628818
1098,0,1,0.6711607430325126
2113,0,0,0.48152813454172966
2127,0,1,0.6330991689322346
3288,0,1,0.7679199010213783
3529,0,0,0.25635458441146236
2907,1,1,0.5058012655581298
2364,1,1,0.8714962018792775
361,0,0,0.12625714100110957
2249,0,1,0.6607838644034242
1602,0,0,0.15092967174437316
963,0,0,0.33087685937348077
2325,1,0,0.39090413977775396
2545,0,0,0.22635409900885636
1589,1,0,0.39091094939998056
885,0,0,0.4461388022364095
1299,1,0,0.3908491715861571
2573,0,0,0.1354662351511627
4151,0,1,0.6054154080091911
3336,1,1,0.5416553978692247
2878,0,0,0.3625908113238794
913,1,0,0.2694251200369503
2034,0,0,0.40444099456584803
2322,1,1,0.7203442932538265
1090,0,1,0.5193693272884735
4741,0,1,0.5764212008659823
4659,1,0,0.383068668671001
3443,0,0,0.4669758208560788
2388,0,1,0.5423422930388608
565,1,0,0.09880890332288432
417,0,1,0.6688694667302877
3876,1,0,0.1907795551320515
1726,1,1,0.5802955140969343
4929,0,0,0.41235883125637574
2568,0,1,0.5921005352657773
2245,1,1,0.921948129779626
1937,0,1,0.7028113505265199
557,1,1,0.6725066453618807
1665,0,1,0.7169475982409981
3457,1,1,0.5480166433501789
1689,0,0,0.22484920387152302
4595,1,1,0.5430210631212586
3165,1,1,0.865170934107926
1222,1,1,0.5966703627076474
4947,1,0,0.41838311623806573
623,1,0,0.2742065165833657
3863,1,1,0.5206516368523711
3316,0,0,0.4730489012620393
273,1,1,0.6155012056487666
2799,0,0,0.15075023741219168
4343,1,1,0.523593218745561
2504,1,1,0.695392244587794
1699,0,1,0.7305668946285343
599,1,1,0.9219993870358494
3795,1,1,0.8875809870517969
1321,0,1,0.7325855704983277
4205,1,0,0.41828576634881837
4645,0,0,0.38113471157694834
3709,0,1,0.6918990469830931
1184,1,1,0.8459577155802522
4761,0,0,0.21704373784106237
4460,1,1,0.8452044972418299
4467,1,1,0.698393050974538
3342,1,1,0.7445624281341577
969,0,0,0.3621296813388055
1706,1,1,0.5110410013860263
1008,0,1,0.5936176153308192
2129,0,0,0.31940808489151035
4282,1,0,0.47419096580056547
73,0,1,0.7947848775971467
2995,0,1,0.5816482927539375
4227,1,1,0.6873393996123306
3940,1,0,0.48912161984272345
1773,1,0,0.453937234951907
750,0,0,0.3967460024924362
10,0,0,0.4078786951718261
4274,0,1,0.8183255166389923
1985,0,0,0.49089312798773765
1370,0,0,0.17196224160605603
3838,0,0,0.46583404367359166
3442,0,0,0.19771778603027526
1425,1,1,0.6862567023233808
4031,1,1,0.5795985697168927
1350,1,0,0.36664299442442766
1152,0,0,0.22751508114204583
484,0,0,0.43432871029358056
3423,0,0,0.30086134188916586
2394,0,1,0.5566948697025885
1724,0,0,0.2426563175780409
3401,0,0,0.14066724120121016
3112,1,1,0.6526063147573575
751,1,1,0.7043710502660742
609,0,1,0.7708140836887393
2015,1,1,0.6305478162682836
3404,0,0,0.33493367568907906
3969,1,0,0.38516899847348446
1069,1,1,0.5767787457752537
2667,1,1,0.780008610661246
3900,1,1,0.7244448150964939
4195,1,1,0.6217176819468322
4333,0,0,0.36819235162217384
823,1,1,0.5368450761418432
3341,1,1,0.6342768658184825
1105,0,0,0.40172029580314095
3398,1,1,0.7175000557938348
1711,1,1,0.5055160511977626
1923,1,1,0.8184832897030992
2247,1,0,0.24502067735325997
4191,0,0,0.3463835115451656
1080,1,1,0.6365149626340715
305,1,1,0.8548736294523703
4926,0,0,0.1870338037371488
3889,1,0,0.4683296997717645
3762,1,1,0.9201704938906793
3402,1,0,0.25708110506054827
1372,1,1,0.9163347888831865
529,1,0,0.46302882063838136
3591,1,0,0.4867284725494817
1187,1,1,0.5934796198347836
3571,1,1,0.7013871376667835
2983,0,0,0.4376882996182362
4581,0,0,0.41912813096442164
2934,1,1,0.7741601002745128
369,0,0,0.34112695722169156
4901,0,1,0.7286615637400016
3726,0,0,0.34704001965545805
4729,1,0,0.3522040892174683
4229,1,0,0.3072154531994778
1929,0,0,0.43083818394864537
2981,0,0,0.25974060407968697
3044,1,0,0.29559139500404397
3616,1,1,0.7362714633372239
684,1,1,0.7426339232794275
3831,0,1,0.6468388928820382
1274,0,0,0.2510115739902376
1856,0,0,0.3798724489420952
3101,1,0,0.2089525668635272
3896,0,0,0.23129560884138448
528,1,1,0.6339892990650805
1640,0,0,0.43251400179795924
3091,0,0,0.2798463433389702
4650,1,1,0.7019349125682373
252,0,0,0.36723938523485583
2678,0,0,0.3217642394472661
2648,1,1,0.8735598406572823
4335,1,1,0.7111787927910769
1319,0,1,0.5118855411374231
1194,1,0,0.49376856787325035
1230,1,1,0.7869154559529093
2695,1,1,0.587954150682095
1096,1,1,0.5045579372270171
4601,1,1,0.6266419205100335
4548,1,1,0.7537752814910618
4156,0,0,0.46025308293383843
129,1,0,0.2620040061337406
3824,0,1,0.8427666053746621
2000,1,0,0.33247671134756784
4422,0,1,0.5879296595196247
4164,1,1,0.6666746382143537
3926,1,0,0.31015366042845466
1763,0,0,0.3909459888162093
2745,1,1,0.6179149794898151
519,1,1,0.7912019689558137
4633,1,1,0.5149196736671114
2311,1,1,0.7199395154871816
769,0,0,0.2938650324263898
2073,0,0,0.23465876476201467
3213,0,1,0.7013605436699983
4856,1,1,0.8430898822251656
1721,0,1,0.6507332513071283
133,0,0,0.2594449598918297
2625,1,1,0.7325856456153034
892,0,1,0.603071332904193
1796,0,0,0.27757837090229903
4124,1,0,0.39319802050990615
884,1,0,0.4141272352362146
3584,0,0,0.2647625524637976
1423,0,0,0.41636111088964706
959,0,1,0.570933189326726
3043,1,1,0.5870300286256362
2586,1,1,0.8422458442560581
4273,1,0,0.31806528449942095
2217,0,0,0.2600584060374632
3658,1,1,0.7183805382933812
2011,1,0,0.3338524967384872
2062,1,0,0.48745998209145575
2258,1,1,0.5012894986811881
3065,0,0,0.11568629062276942
2763,1,1,0.5649625739676171
3191,0,0,0.3362068546048055
1795,1,1,0.8610827120869917
1906,0,1,0.7696325993172559
1257,0,1,0.5422444580005981
3262,1,1,0.5850260119436882
2289,0,0,0.2119942631307796
495,0,1,0.5559499957157166
1196,1,0,0.4866264595423542
3856,1,1,0.6691197945541408
3799,0,0,0.303479778227012
534,0,1,0.7817622957442911
3508,1,0,0.4402303819886327
806,0,1,0.5428097292730047
3601,0,0,0.37984524274576137
4307,1,0,0.4359248266315178
2319,1,1,0.7414105905304663
26,0,0,0.4277805534453616
4477,1,0,0.2783029638553148
931,0,0,0.4625851226920016
4838,1,1,0.6506207223582164
3635,0,0,0.2320437497990713
1177,0,0,0.4099928830365247
3625,0,0,0.364265683837239
3865,0,0,0.4050731179448576
3739,1,1,0.5616142599310039
1713,0,0,0.20147875939895876
1572,0,0,0.39697273415627243
2237,0,0,0.479133907791308
3761,1,1,0.6129815460018275
74,1,0,0.4410351933492222
1390,0,1,0.5256381928403292
4919,0,0,0.482351145815734
2974,1,0,0.24108762819442822
4910,1,1,0.5419108037419527
2894,1,0,0.32605919592556165
1059,0,0,0.17102639438545642
4091,1,1,0.8965115564283045
3176,0,0,0.2982127895762469
870,1,1,0.8804014301324509
3581,1,1,0.8370547594174426
1486,0,1,0.5962880966234322
3347,0,1,0.6993368067032201
917,1,0,0.20666034526199503
3639,1,1,0.6882298486847495
3632,1,0,0.2796127197893387
3264,1,0,0.49681515947392524
4378,1,1,0.748837663827898
2262,0,0,0.22665810391002927
1217,0,0,0.40202071887858754
2713,0,0,0.32799450238178696
4437,0,0,0.47038121897748963
1557,0,0,0.4391796805921736
1708,0,1,0.53420975688452
2399,1,0,0.49736879467694955
2870,1,1,0.7090204201207869
3287,0,1,0.6273788818934966
4287,1,1,0.7362481088744128
888,1,1,0.8670855876773377
4864,1,0,0.3752818977339129
80,0,1,0.6275428570433956
255,0,1,0.5752890880455576
2110,0,1,0.590936754987526
3957,0,1,0.5009396782638307
2088,1,1,0.7985527039474773
3770,1,1,0.8870242628838725
1242,0,1,0.5055142980690481
2355,1,1,0.6845280303788257
3001,1,1,0.7083188495113181
2805,1,1,0.8803081763480756
2251,0,0,0.2815733597827004
1220,0,0,0.42054471262385323
4726,1,0,0.32982393976519997
1603,1,1,0.5273638513345017
4916,0,1,0.7469583919358537
1636,0,0,0.4231279178708851
2859,1,0,0.4812076136374789
1971,0,1,0.6498096632466036
1737,1,1,0.7393979132388931
4518,0,0,0.30356022121565196
3422,0,0,0.3887068075211471
1633,0,1,0.7117254103126349
4139,1,1,0.8652557960067202
773,0,0,0.46571677861862804
2458,1,0,0.4625792388264012
317,0,0,0.27511716119373797
508,1,0,0.4768057706227649
4927,1,1,0.5447689125519781
2077,0,1,0.6333402362700333
1936,0,0,0.19727941939432492
2987,0,0,0.35727583272969327
3428,0,1,0.6220944183900102
2203,0,0,0.09315027216635555
1848,1,1,0.6608072047528593
2585,0,0,0.39735551809487873
1035,0,0,0.34166633068681423
1235,0,1,0.8238825621735728
1104,0,1,0.6083642217170618
4497,1,1,0.5074305498170562
2074,0,1,0.723104619699688
4513,0,1,0.818521519447901
4137,0,0,0.4937361454642322
4122,1,1,0.5533409609248705
4,0,1,0.5033455275484432
3285,1,0,0.4175386849394784
790,1,0,0.19848812235238297
2792,1,1,0.8836013747231058
1815,1,0,0.46414863384617283
3650,0,0,0.29743215831113845
2970,0,0,0.45451767695075473
2710,0,1,0.5098387243693133
4005,0,0,0.08092200029009439
2195,0,1,0.7595674993180329
4047,1,0,0.39619468161302784
3010,1,1,0.5746130326396421
4711,0,0,0.23608736929606972
3135,1,1,0.5620448790522271
731,0,0,0.3245043932371471
3420,1,1,0.521581978193687
3078,0,0,0.14229002161443075
1980,1,1,0.6411960764154112
289,1,1,0.6552725053822375
1917,1,1,0.6484718235041944
3455,0,1,0.5860726955332889
3481,0,1,0.6793916375970395
4642,1,0,0.4455945527394184
4452,1,1,0.6451107322447598
4563,0,1,0.5027263282781522
430,0,0,0.42242066896794467
200,0,0,0.39030963397122637
2277,0,0,0.41275817752211696
1232,1,1,0.5518926592997621
4567,1,0,0.33297687149646005
4435,0,0,0.4648491868099058
2253,0,0,0.23702265247637078
2335,0,0,0.2521703365832721
2604,0,1,0.6279719181427187
4878,1,0,0.2593133957494782
3759,1,1,0.5427349431430486
3528,0,0,0.09431977083356136
415,1,0,0.41624132520464246
2076,1,0,0.4464186687452743
1622,0,1,0.5204214371110956
3115,0,1,0.5224005646844829
1727,1,0,0.4718360318809525
3378,0,1,0.5513858433675458
4656,0,1,0.6667342757248192
776,0,0,0.31079317250414007
999,1,0,0.35153404250261955
3374,1,1,0.8438450046326031
4880,1,1,0.5216929548408287
4066,0,0,0.23737325758791322
3988,1,1,0.6201589670552616
2919,1,1,0.7187448589535157
1134,1,1,0.7651331378926348
4598,1,0,0.40373125291794854
1438,0,0,0.4877079690730945
536,0,0,0.4243008416928706
1630,0,0,0.3593304280842297
1519,1,1,0.6624833685495018
3024,0,1,0.608167450159741
774,0,0,0.13702789715889607
4228,0,1,0.5812691373756794
1504,0,0,0.33852638427487075
1895,0,0,0.16247300713498272
2909,1,0,0.23970410136476736
1729,1,0,0.339536687102745
988,1,1,0.8025590469949866
272,0,0,0.24727410536109504
1860,0,1,0.6817010781406334
4125,1,0,0.4572994530024282
75,1,0,0.37519143185088827
3826,1,1,0.5633720054414115
1457,0,1,0.773713382330576
13,1,1,0.8260903485225163
4024,1,1,0.6891144290155407
2045,1,1,0.5408791824374697
4297,1,1,0.8739859515141678
3147,1,0,0.2905081815311951
2525,1,1,0.7006577792935689
2675,1,0,0.42572238444877375
4636,1,0,0.4677527303505464
1422,1,1,0.6648289893506439
4330,1,0,0.2464351005514598
749,1,1,0.656075859879808
1786,1,1,0.8260197684682685
1358,0,1,0.6201141363863364
4395,0,1,0.6075077504016329
899,0,1,0.5847120436243819
4176,1,1,0.6133168842567043
3056,1,1,0.5395949870085489
384,0,1,0.7193626951396961
1179,1,0,0.16149348502195324
4225,0,0,0.437635822159915
3278,0,1,0.7530885820242272
673,1,1,0.5824479351953458
3292,0,1,0.5057346755828166
2773,0,0,0.12606169766341477
3049,0,1,0.5344010446079102
1967,0,0,0.21541687661520326
2875,0,0,0.21554621522639322
1416,0,0,0.27435668737227753
3903,1,1,0.5183900412453561
1308,1,1,0.7729333230065458
4816,1,1,0.5958126896366227
502,0,0,0.36633646785232327
2943,0,0,0.23601233430951457
3832,1,0,0.4337076051151945
4485,0,0,0.4035567021258604
4002,1,0,0.1956747606110867
1450,1,1,0.5524614835240603
1492,1,1,0.8924465349422628
3439,1,1,0.5505047044966433
3222,0,0,0.41417623968154627
3143,1,1,0.6614408045985393
2019,1,1,0.6414802026534362
3290,1,0,0.24103111434465932
4698,1,1,0.8393213352873644
3339,0,0,0.2187876770027727
3203,1,1,0.9079176015084016
3509,1,1,0.6524900094499667
1590,1,0,0.3369085949198836
3582,1,1,0.5865719398414041
2303,1,0,0.46065592899949165
4930,0,1,0.5613025981519977
1681,0,0,0.4031766808420879
3385,1,0,0.40873786419237257
1959,1,0,0.44965544366430954
1675,1,0,0.38000558308928056
2764,1,0,0.18426613190755778
189,1,0,0.22998166753857394
2719,1,0,0.1714910674442074
3482,0,0,0.20787210293706315
4423,1,1,0.7931780330044644
3050,0,0,0.17853612460343005
1901,1,1,0.8226868729978704
3414,1,1,0.8661141247005045
3209,1,1,0.6956016952117751
1916,1,1,0.6472790314580372
944,1,1,0.5585506216359388
747,0,1,0.8093544484359375
1995,1,1,0.8917023595514062
1132,1,0,0.48343508699192594
905,1,1,0.8000625818371132
4572,0,0,0.16791904621549555
4862,0,1,0.5447157598139227
1261,1,1,0.8059728383615361
1754,0,0,0.403113526626166
3490,1,1,0.57551124697352
318,0,1,0.6106135334953309
4928,1,0,0.44473525509275197
2337,1,1,0.6103999279106842
1410,0,0,0.3536741412478036
780,0,1,0.6461181503404974
2578,1,0,0.4349821869247651
3081,0,0,0.3738081989743478
4473,1,1,0.6846030575709215
3681,1,0,0.4422748783876146
1792,1,1,0.8468698388361637
4146,1,1,0.5303346182530436
1360,0,0,0.44763195957123714
1158,1,1,0.6162635713214104
1692,1,1,0.7017359938234561
4770,0,0,0.3242996048435585
3948,0,1,0.6386458837855709
3513,0,0,0.48969739600494544
2593,0,0,0.4743132197336784
1200,0,1,0.5609612159170779
2473,0,0,0.413296389998939
2168,1,1,0.9495774393386067
1863,0,0,0.35222786870527323
233,1,1,0.7752849103965176
3452,1,0,0.3245955077085933
3074,1,1,0.9100368262257291
2223,0,0,0.1846628101389531
4453,0,0,0.2901786832373487
3737,1,1,0.6896143315551106
4090,0,0,0.371587255089942
1510,0,0,0.4110458017359436
1738,0,1,0.7051486421477848
2327,0,1,0.6201614399990171
1247,0,1,0.8100852607370561
4993,0,0,0.3291612491222127
3698,1,1,0.7331157829679601
1441,1,1,0.6635936353016204
4877,1,1,0.7741030903224888
1275,0,1,0.741026338313899
3214,0,0,0.3903063867109872
4699,0,1,0.6171917130451763
574,1,0,0.14846820856028434
394,0,1,0.6657913892503992
4952,0,0,0.26818719709623173
478,1,0,0.4000644923713294
4286,1,1,0.7111436655823482
3517,1,1,0.510734187132448
594,0,0,0.45302062577583074
4236,1,0,0.18489564557241817
2782,1,1,0.7857509907316833
